{
"lengthUnit": "mil",
"remark": [],
"components": {
	"fields": ["COMPONENT_NO", "COMPONENT_NAME", "LAYER", "X_COORDINATE", "Y_COORDINATE", "ANGLE"],
	"rows": [
		[1, "C8", "T", 390, -180, 90],
		[2, "C15", "T", 310, -180, 90],
		[3, "C20", "T", -175, -305, 180],
		[4, "C21", "T", -50, -305, 0],
		[5, "C22", "T", 330, 310, 90],
		[6, "C30", "T", 550, 175, 90],
		[7, "C31", "T", 505, 295, 270],
		[8, "C32", "T", 225, -335, 270],
		[9, "C33", "T", 225, -465, 90],
		[10, "C34", "T", 465, -205, 90],
		[11, "D2", "T", 115, -505, 180],
		[12, "LED1", "T", 60, 370, 0],
		[13, "LED2", "T", -60, 370, 180],
		[14, "LED4", "T", 535, -390, 270],
		[15, "Q3", "T", 85, -335, 270],
		[16, "R17", "T", -175, -370, 0],
		[17, "R18", "T", -175, -435, 180],
		[18, "R23", "T", -60, 305, 0],
		[19, "R24", "T", 60, 305, 180],
		[20, "R27", "T", 605, 265, 0],
		[21, "R28", "T", 605, 325, 180],
		[22, "R31", "T", -195, 300, 180],
		[23, "R32", "T", -50, -370, 180],
		[24, "R33", "T", 605, -320, 270],
		[25, "R34", "T", 330, 150, 180],
		[26, "R36", "T", 330, 215, 180],
		[27, "R37", "T", 500, -485, 180],
		[28, "R38", "T", 465, -390, 270],
		[29, "R39", "T", 85, -440, 180],
		[30, "R40", "T", 420, 175, 270],
		[31, "R41", "T", 485, 175, 90],
		[32, "R42", "T", -85, -470, 270],
		[33, "SW1", "T", 680, -455, 0],
		[34, "U6", "T", 385, 0, 0],
		[35, "U8", "T", -15, 0, 90],
		[36, "U10", "B", -15, -25, 270],
		[37, "U13", "T", 570, 420, 90],
		[38, "U17", "T", 340, -310, 0],
		[39, "U19", "T", 340, -440, 90],
		[40, "USB1", "B", 570, 360, 0],
		[41, "PAD1", "T", 710, -70, 0],
		[42, "PAD1", "B", 710, -70, 0],
		[43, "PAD2", "T", 770, 115, 0],
		[44, "PAD2", "B", 770, 115, 0],
		[45, "PAD3", "T", 770, -250, 0],
		[46, "PAD3", "B", 770, -250, 0],
		[47, "PAD4", "T", 237.5, 300, 0],
		[48, "PAD5", "T", 162.5, 300, 0],
		[49, "PAD6", "T", 160, 365, 0],
		[50, "PAD7", "T", 240, 365, 0],
		[51, "PAD8", "T", 300, 435, 0],
		[52, "PAD9", "T", 205, 435, 0],
		[53, "PAD10", "T", 306.26, -55.49, 0],
		[54, "PAD11", "T", 337.76, -55.49, 0],
		[55, "PAD12", "T", 400.75, -55.49, 0],
		[56, "PAD13", "T", 432.24, -55.49, 0],
		[57, "PAD14", "T", 463.74, -55.49, 0],
		[58, "PAD15", "T", 475.45, 0, 0],
		[59, "PAD16", "T", 337.76, 55.49, 0],
		[60, "PAD17", "T", 306.26, 55.49, 0],
		[61, "PAD18", "T", 294.55, 0, 0],
		[62, "PAD19", "T", 310, -152.44, 0],
		[63, "PAD20", "T", 310, -207.56, 0],
		[64, "PAD21", "T", 390, -152.44, 0],
		[65, "PAD22", "T", 390, -207.56, 0],
		[66, "PAD23", "T", 598.22, -497.645, 0],
		[67, "PAD24", "T", 761.54, -497.305, 0],
		[68, "PAD25", "T", 598.2, -412.355, 0],
		[69, "PAD26", "T", 761.8, -412.655, 0],
		[70, "PAD27", "T", 91.475, 370.005, 0],
		[71, "PAD28", "T", 28.525, 369.995, 0],
		[72, "PAD29", "T", -91.475, 369.995, 0],
		[73, "PAD30", "T", -28.525, 370.005, 0],
		[74, "PAD31", "T", -145.34, -370, 0],
		[75, "PAD32", "T", -204.66, -370, 0],
		[76, "PAD33", "T", -204.66, -435, 0],
		[77, "PAD34", "T", -145.34, -435, 0],
		[78, "PAD35", "T", -203.98, -232.28, 0],
		[79, "PAD36", "T", -172.48, -232.28, 0],
		[80, "PAD37", "T", -140.98, -232.28, 0],
		[81, "PAD38", "T", -109.49, -232.28, 0],
		[82, "PAD39", "T", -77.99, -232.28, 0],
		[83, "PAD40", "T", 16.5, -232.28, 0],
		[84, "PAD41", "T", 223.19, -141.73, 0],
		[85, "PAD42", "T", 223.19, -110.24, 0],
		[86, "PAD43", "T", 223.19, -47.24, 0],
		[87, "PAD44", "T", 223.19, -15.75, 0],
		[88, "PAD45", "T", 223.19, 15.75, 0],
		[89, "PAD46", "T", 223.19, 47.24, 0],
		[90, "PAD47", "T", 223.19, 141.73, 0],
		[91, "PAD48", "T", 223.19, 173.23, 0],
		[92, "PAD49", "T", 223.19, 204.72, 0],
		[93, "PAD50", "T", 16.5, 232.28, 0],
		[94, "PAD51", "T", -15, 232.28, 0],
		[95, "PAD52", "T", -46.5, 232.28, 0],
		[96, "PAD53", "T", -77.99, 232.28, 0],
		[97, "PAD54", "T", -140.98, 232.28, 0],
		[98, "PAD55", "T", -172.48, 232.28, 0],
		[99, "PAD56", "T", -203.98, 232.28, 0],
		[100, "PAD57", "T", -253.19, 204.72, 0],
		[101, "PAD58", "T", -253.19, 173.23, 0],
		[102, "PAD59", "T", -253.19, 141.73, 0],
		[103, "PAD60", "T", -253.19, 110.24, 0],
		[104, "PAD61", "T", -253.19, 78.74, 0],
		[105, "PAD62", "T", -253.19, 47.24, 0],
		[106, "PAD63", "T", -253.19, 15.75, 0],
		[107, "PAD64", "T", -253.19, -15.75, 0],
		[108, "PAD65", "T", -253.19, -47.24, 0],
		[109, "PAD66", "T", -253.19, -78.74, 0],
		[110, "PAD67", "T", -253.19, -110.24, 0],
		[111, "PAD68", "T", -253.19, -141.73, 0],
		[112, "PAD69", "T", -253.19, -173.23, 0],
		[113, "PAD70", "T", -253.19, -204.72, 0],
		[114, "PAD71", "T", -15, 0, 0],
		[115, "PAD72", "T", -15, 59.06, 0],
		[116, "PAD73", "T", -15, -59.05, 0],
		[117, "PAD74", "T", -74.05, -59.05, 0],
		[118, "PAD75", "T", -74.05, 59.06, 0],
		[119, "PAD76", "T", -74.05, 0, 0],
		[120, "PAD77", "T", 44.06, -59.05, 0],
		[121, "PAD78", "T", 44.06, 59.06, 0],
		[122, "PAD79", "T", 44.06, 0, 0],
		[123, "PAD80", "T", -22.44, -305, 0],
		[124, "PAD81", "T", -77.56, -305, 0],
		[125, "PAD82", "T", 330, 337.56, 0],
		[126, "PAD83", "T", 330, 282.44, 0],
		[127, "PAD84", "T", -30.34, 305, 0],
		[128, "PAD85", "T", -89.66, 305, 0],
		[129, "PAD86", "T", 30.34, 305, 0],
		[130, "PAD87", "T", 89.66, 305, 0],
		[131, "PAD88", "T", -15, 447.4409, 0],
		[132, "PAD88", "B", -15, 447.4409, 0],
		[133, "PAD89", "T", -15, -497.4409, 0],
		[134, "PAD89", "B", -15, -497.4409, 0],
		[135, "PAD90", "T", 505, 267.44, 0],
		[136, "PAD91", "T", 505, 322.56, 0],
		[137, "PAD92", "T", 634.66, 265, 0],
		[138, "PAD93", "T", 575.34, 265, 0],
		[139, "PAD94", "T", 575.34, 325, 0],
		[140, "PAD95", "T", 634.66, 325, 0],
		[141, "PAD96", "T", 653.07, 380.63, 0],
		[142, "PAD97", "T", 653.07, 400.32, 0],
		[143, "PAD98", "T", 653.07, 420, 0],
		[144, "PAD99", "T", 486.93, 380.63, 0],
		[145, "PAD100", "T", 486.93, 400.32, 0],
		[146, "PAD101", "T", 486.93, 420, 0],
		[147, "PAD102", "T", 486.93, 439.69, 0],
		[148, "PAD103", "T", -224.66, 300, 0],
		[149, "PAD104", "T", -165.34, 300, 0],
		[150, "PAD105", "T", -79.66, -370, 0],
		[151, "PAD106", "T", -20.34, -370, 0],
		[152, "PAD107", "T", 605, -349.66, 0],
		[153, "PAD108", "T", 605, -290.34, 0],
		[154, "PAD109", "T", 300.34, 150, 0],
		[155, "PAD110", "T", 359.66, 150, 0],
		[156, "PAD111", "T", 300.34, 215, 0],
		[157, "PAD112", "T", 359.66, 215, 0],
		[158, "PAD113", "T", -202.56, -305, 0],
		[159, "PAD114", "T", -147.44, -305, 0],
		[160, "PAD115", "T", 550, 202.56, 0],
		[161, "PAD116", "T", 550, 147.44, 0],
		[162, "PAD117", "T", 465, -419.66, 0],
		[163, "PAD118", "T", 465, -360.34, 0],
		[164, "PAD119", "T", 470.34, -485, 0],
		[165, "PAD120", "T", 529.66, -485, 0],
		[166, "PAD121", "T", 535.005, -421.475, 0],
		[167, "PAD122", "T", 534.995, -358.525, 0],
		[168, "PAD123", "T", 225, -437.44, 0],
		[169, "PAD124", "T", 225, -492.56, 0],
		[170, "PAD125", "T", 225, -362.56, 0],
		[171, "PAD126", "T", 225, -307.44, 0],
		[172, "PAD127", "T", 288.815, -347.4, 0],
		[173, "PAD128", "T", 391.185, -272.6, 0],
		[174, "PAD129", "T", 391.185, -310, 0],
		[175, "PAD130", "T", 391.185, -347.4, 0],
		[176, "PAD131", "T", 68.835, -505, 0],
		[177, "PAD132", "T", 161.165, -505, 0],
		[178, "PAD133", "T", 55.34, -440, 0],
		[179, "PAD134", "T", 114.66, -440, 0],
		[180, "PAD135", "T", 420, 145.34, 0],
		[181, "PAD136", "T", 420, 204.66, 0],
		[182, "PAD137", "T", 485, 204.66, 0],
		[183, "PAD138", "T", 485, 145.34, 0],
		[184, "PAD139", "T", 47.6, -374.37, 0],
		[185, "PAD140", "T", 122.4, -374.37, 0],
		[186, "PAD141", "T", 85, -295.63, 0],
		[187, "PAD142", "B", 695.987, 266.392, 0],
		[188, "PAD143", "B", 444.017, 266.392, 0],
		[189, "PAD144", "B", 475.507, 266.392, 0],
		[190, "PAD145", "B", 638.897, 266.392, 0],
		[191, "PAD146", "B", 599.527, 266.392, 0],
		[192, "PAD147", "B", 579.837, 266.392, 0],
		[193, "PAD148", "B", 560.157, 266.392, 0],
		[194, "PAD149", "B", 540.467, 266.392, 0],
		[195, "PAD150", "B", 520.787, 266.392, 0],
		[196, "PAD151", "T", 740.077, 453.602, 0],
		[197, "PAD151", "B", 740.077, 453.602, 0],
		[198, "PAD152", "T", 399.917, 453.602, 0],
		[199, "PAD152", "B", 399.917, 453.602, 0],
		[200, "PAD153", "T", 740.077, 289.032, 0],
		[201, "PAD153", "B", 740.077, 289.032, 0],
		[202, "PAD154", "T", 399.917, 289.032, 0],
		[203, "PAD154", "B", 399.917, 289.032, 0],
		[204, "PAD155", "T", 385.42, -477.4, 0],
		[205, "PAD156", "T", 385.42, -440, 0],
		[206, "PAD157", "T", 385.42, -402.6, 0],
		[207, "PAD158", "T", 294.58, -402.6, 0],
		[208, "PAD159", "T", 294.58, -477.4, 0],
		[209, "PAD160", "T", 465, -252.24, 0],
		[210, "PAD161", "T", 465, -157.76, 0],
		[211, "PAD162", "T", -85, -499.66, 0],
		[212, "PAD163", "T", -85, -440.34, 0]
	]
},
"pins": {
	"fields": ["PIN_NO", "PIN_NAME", "PIN_X", "PIN_Y", "LAYER", "PIN_TYPE", "NET_NAME", "NET_TYPE", "PAD_SHAPE", "PAD_SIZEX", "PAD_SIZEY", "HOLE_SIZE", "HOLE_LEN", "PAD_ANGLE"],
	"rows": [
		[1, "C8_1", 390, -207.56, "T", "SMD", "GND", "GND", "R", 31.496, 35.433, 0, 0, 90],
		[2, "C8_2", 390, -152.44, "T", "SMD", "VCC3V3", "", "R", 31.496, 35.433, 0, 0, 90],
		[3, "C15_1", 310, -207.56, "T", "SMD", "GND", "GND", "R", 31.496, 35.433, 0, 0, 90],
		[4, "C15_2", 310, -152.44, "T", "SMD", "VCC3V3", "", "R", 31.496, 35.433, 0, 0, 90],
		[5, "C20_1", -147.44, -305, "T", "SMD", "VCC3V3", "", "R", 31.496, 35.433, 0, 0, 180],
		[6, "C20_2", -202.56, -305, "T", "SMD", "GND", "GND", "R", 31.496, 35.433, 0, 0, 180],
		[7, "C21_1", -77.56, -305, "T", "SMD", "VCC3V3", "", "R", 31.496, 35.433, 0, 0, 0],
		[8, "C21_2", -22.44, -305, "T", "SMD", "GND", "GND", "R", 31.496, 35.433, 0, 0, 0],
		[9, "C22_1", 330, 282.44, "T", "SMD", "GND", "GND", "R", 31.496, 35.433, 0, 0, 90],
		[10, "C22_2", 330, 337.56, "T", "SMD", "EN", "", "R", 31.496, 35.433, 0, 0, 90],
		[11, "C30_1", 550, 147.44, "T", "SMD", "GND", "GND", "R", 31.496, 35.433, 0, 0, 90],
		[12, "C30_2", 550, 202.56, "T", "SMD", "5V", "", "R", 31.496, 35.433, 0, 0, 90],
		[13, "C31_1", 505, 322.56, "T", "SMD", "VCC3V3", "", "R", 31.496, 35.433, 0, 0, 270],
		[14, "C31_2", 505, 267.44, "T", "SMD", "GND", "GND", "R", 31.496, 35.433, 0, 0, 270],
		[15, "C32_1", 225, -307.44, "T", "SMD", "GND", "GND", "R", 31.496, 35.433, 0, 0, 270],
		[16, "C32_2", 225, -362.56, "T", "SMD", "5V", "", "R", 31.496, 35.433, 0, 0, 270],
		[17, "C33_1", 225, -492.56, "T", "SMD", "GND", "GND", "R", 31.496, 35.433, 0, 0, 90],
		[18, "C33_2", 225, -437.44, "T", "SMD", "VBAT", "", "R", 31.496, 35.433, 0, 0, 90],
		[19, "C34_1", 465, -252.24, "T", "SMD", "GND", "GND", "R", 59.055, 53.5, 0, 0, 90],
		[20, "C34_2", 465, -157.76, "T", "SMD", "VCC3V3", "", "R", 59.055, 53.5, 0, 0, 90],
		[21, "D2_1", 161.165, -505, "T", "SMD", "PWRIN", "", "R", 39.37, 29.528, 0, 0, 180],
		[22, "D2_2", 68.835, -505, "T", "SMD", "5V", "", "R", 39.37, 29.528, 0, 0, 180],
		[23, "LED1_1", 28.525, 369.995, "T", "SMD", "GND", "GND", "R", 31.496, 31.496, 0, 0, 90],
		[24, "LED1_2", 91.475, 370.005, "T", "SMD", "$1N11307", "", "R", 31.496, 31.496, 0, 0, 90],
		[25, "LED2_1", -28.525, 370.005, "T", "SMD", "GND", "GND", "R", 31.496, 31.496, 0, 0, 270],
		[26, "LED2_2", -91.475, 369.995, "T", "SMD", "$1N11309", "", "R", 31.496, 31.496, 0, 0, 270],
		[27, "LED4_1", 534.995, -358.525, "T", "SMD", "$1N24874", "", "R", 31.496, 31.496, 0, 0, 0],
		[28, "LED4_2", 535.005, -421.475, "T", "SMD", "5V", "", "R", 31.496, 31.496, 0, 0, 0],
		[29, "Q3_1", 47.6, -374.37, "T", "SMD", "5V", "", "R", 49.213, 27.559, 0, 0, 270],
		[30, "Q3_2", 122.4, -374.37, "T", "SMD", "PWRIN", "", "R", 49.213, 27.559, 0, 0, 270],
		[31, "Q3_3", 85, -295.63, "T", "SMD", "VBAT", "", "R", 49.213, 27.559, 0, 0, 270],
		[32, "R17_1", -204.66, -370, "T", "SMD", "ADC", "", "R", 31.751, 34.016, 0, 0, 0],
		[33, "R17_2", -145.34, -370, "T", "SMD", "GND", "GND", "R", 31.751, 34.016, 0, 0, 0],
		[34, "R18_1", -145.34, -435, "T", "SMD", "VBAT", "", "R", 31.751, 34.016, 0, 0, 180],
		[35, "R18_2", -204.66, -435, "T", "SMD", "ADC", "", "R", 31.751, 34.016, 0, 0, 180],
		[36, "R23_1", -89.66, 305, "T", "SMD", "$1N11309", "", "R", 31.751, 34.016, 0, 0, 0],
		[37, "R23_2", -30.34, 305, "T", "SMD", "LED2", "", "R", 31.751, 34.016, 0, 0, 0],
		[38, "R24_1", 89.66, 305, "T", "SMD", "$1N11307", "", "R", 31.751, 34.016, 0, 0, 180],
		[39, "R24_2", 30.34, 305, "T", "SMD", "LED1", "", "R", 31.751, 34.016, 0, 0, 180],
		[40, "R27_1", 575.34, 265, "T", "SMD", "GND", "GND", "R", 31.751, 34.016, 0, 0, 0],
		[41, "R27_2", 634.66, 265, "T", "SMD", "$1N13426", "", "R", 31.751, 34.016, 0, 0, 0],
		[42, "R28_1", 634.66, 325, "T", "SMD", "$1N13424", "", "R", 31.751, 34.016, 0, 0, 180],
		[43, "R28_2", 575.34, 325, "T", "SMD", "GND", "GND", "R", 31.751, 34.016, 0, 0, 180],
		[44, "R31_1", -165.34, 300, "T", "SMD", "GND", "GND", "R", 31.751, 34.016, 0, 0, 180],
		[45, "R31_2", -224.66, 300, "T", "SMD", "IO12", "", "R", 31.751, 34.016, 0, 0, 180],
		[46, "R32_1", -20.34, -370, "T", "SMD", "EN", "", "R", 31.751, 34.016, 0, 0, 180],
		[47, "R32_2", -79.66, -370, "T", "SMD", "VCC3V3", "", "R", 31.751, 34.016, 0, 0, 180],
		[48, "R33_1", 605, -290.34, "T", "SMD", "GND", "GND", "R", 31.751, 34.016, 0, 0, 270],
		[49, "R33_2", 605, -349.66, "T", "SMD", "WAKE", "", "R", 31.751, 34.016, 0, 0, 270],
		[50, "R34_1", 359.66, 150, "T", "SMD", "VCC3V3", "", "R", 31.751, 34.016, 0, 0, 180],
		[51, "R34_2", 300.34, 150, "T", "SMD", "CS", "", "R", 31.751, 34.016, 0, 0, 180],
		[52, "R36_1", 359.66, 215, "T", "SMD", "VCC3V3", "", "R", 31.751, 34.016, 0, 0, 180],
		[53, "R36_2", 300.34, 215, "T", "SMD", "BOOT", "", "R", 31.751, 34.016, 0, 0, 180],
		[54, "R37_1", 529.66, -485, "T", "SMD", "GND", "GND", "R", 31.751, 34.016, 0, 0, 180],
		[55, "R37_2", 470.34, -485, "T", "SMD", "PROG", "", "R", 31.751, 34.016, 0, 0, 180],
		[56, "R38_1", 465, -360.34, "T", "SMD", "$1N24874", "", "R", 31.751, 34.016, 0, 0, 270],
		[57, "R38_2", 465, -419.66, "T", "SMD", "CHRG", "", "R", 31.751, 34.016, 0, 0, 270],
		[58, "R39_1", 114.66, -440, "T", "SMD", "5V", "", "R", 31.751, 34.016, 0, 0, 180],
		[59, "R39_2", 55.34, -440, "T", "SMD", "GND", "GND", "R", 31.751, 34.016, 0, 0, 180],
		[60, "R40_1", 420, 204.66, "T", "SMD", "WAKEB", "", "R", 31.751, 34.016, 0, 0, 270],
		[61, "R40_2", 420, 145.34, "T", "SMD", "GND", "GND", "R", 31.751, 34.016, 0, 0, 270],
		[62, "R41_1", 485, 145.34, "T", "SMD", "5V", "", "R", 31.751, 34.016, 0, 0, 90],
		[63, "R41_2", 485, 204.66, "T", "SMD", "WAKEB", "", "R", 31.751, 34.016, 0, 0, 90],
		[64, "R42_1", -85, -440.34, "T", "SMD", "VBAT", "", "R", 31.751, 34.016, 0, 0, 270],
		[65, "R42_2", -85, -499.66, "T", "SMD", "VBATU", "", "R", 31.751, 34.016, 0, 0, 270],
		[66, "SW1_1", 598.2, -412.355, "T", "SMD", "WAKE", "", "R", 47.244, 25.591, 0, 0, 0],
		[67, "SW1_2", 761.8, -412.655, "T", "SMD", "WAKE", "", "R", 47.244, 25.591, 0, 0, 0],
		[68, "SW1_3", 598.22, -497.645, "T", "SMD", "VCC3V3", "", "R", 47.244, 25.591, 0, 0, 0],
		[69, "SW1_4", 761.54, -497.305, "T", "SMD", "VCC3V3", "", "R", 47.244, 25.591, 0, 0, 0],
		[70, "U6_1", 306.26, -55.49, "T", "SMD", "VCC3V3", "", "O", 17.638, 69.646, 0, 0, 0],
		[71, "U6_2", 337.76, -55.49, "T", "SMD", "GND", "GND", "O", 17.638, 69.646, 0, 0, 0],
		[72, "U6_3", 369.25, -55.49, "T", "SMD", "NET_1", "", "O", 17.638, 69.646, 0, 0, 0],
		[73, "U6_4", 400.75, -55.49, "T", "SMD", "GND", "GND", "O", 17.638, 69.646, 0, 0, 0],
		[74, "U6_5", 432.24, -55.49, "T", "SMD", "GND", "GND", "O", 17.638, 69.646, 0, 0, 0],
		[75, "U6_6", 463.74, -55.49, "T", "SMD", "VCC3V3", "", "O", 17.638, 69.646, 0, 0, 0],
		[76, "U6_7", 475.45, 0, "T", "SMD", "CS", "", "R", 60.827, 23.622, 0, 0, 0],
		[77, "U6_8", 463.74, 55.49, "T", "SMD", "NET_2", "", "O", 17.638, 69.646, 0, 0, 0],
		[78, "U6_9", 432.24, 55.49, "T", "SMD", "NET_3", "", "O", 17.638, 69.646, 0, 0, 0],
		[79, "U6_10", 400.75, 55.49, "T", "SMD", "NET_4", "", "O", 17.638, 69.646, 0, 0, 0],
		[80, "U6_11", 369.25, 55.49, "T", "SMD", "NET_5", "", "O", 17.638, 69.646, 0, 0, 0],
		[81, "U6_12", 337.76, 55.49, "T", "SMD", "SDO", "", "O", 17.638, 69.646, 0, 0, 0],
		[82, "U6_13", 306.26, 55.49, "T", "SMD", "SDA", "", "O", 17.638, 69.646, 0, 0, 0],
		[83, "U6_14", 294.55, 0, "T", "SMD", "SCL", "", "R", 60.827, 23.622, 0, 0, 0],
		[84, "U8_1", -203.98, -232.28, "T", "SMD", "GND", "GND", "R", 15.748, 31.496, 0, 0, 180],
		[85, "U8_2", -172.48, -232.28, "T", "SMD", "GND", "GND", "R", 15.748, 31.496, 0, 0, 180],
		[86, "U8_3", -140.98, -232.28, "T", "SMD", "VCC3V3", "", "R", 15.748, 31.496, 0, 0, 180],
		[87, "U8_4", -109.49, -232.28, "T", "SMD", "ADC", "", "R", 15.748, 31.496, 0, 0, 180],
		[88, "U8_5", -77.99, -232.28, "T", "SMD", "WAKE", "", "R", 15.748, 31.496, 0, 0, 180],
		[89, "U8_6", -46.5, -232.28, "T", "SMD", "NET_6", "", "R", 15.748, 31.496, 0, 0, 180],
		[90, "U8_7", -15, -232.28, "T", "SMD", "NET_7", "", "R", 15.748, 31.496, 0, 0, 180],
		[91, "U8_8", 16.5, -232.28, "T", "SMD", "EN", "", "R", 15.748, 31.496, 0, 0, 180],
		[92, "U8_9", 47.99, -232.28, "T", "SMD", "NET_8", "", "R", 15.748, 31.496, 0, 0, 180],
		[93, "U8_10", 79.49, -232.28, "T", "SMD", "NET_9", "", "R", 15.748, 31.496, 0, 0, 180],
		[94, "U8_11", 110.98, -232.28, "T", "SMD", "NET_10", "", "R", 15.748, 31.496, 0, 0, 180],
		[95, "U8_12", 142.48, -232.28, "T", "SMD", "NET_11", "", "R", 15.748, 31.496, 0, 0, 180],
		[96, "U8_13", 173.98, -232.28, "T", "SMD", "NET_12", "", "R", 15.748, 31.496, 0, 0, 180],
		[97, "U8_14", 223.19, -204.72, "T", "SMD", "NET_13", "", "R", 15.748, 31.496, 0, 0, 270],
		[98, "U8_15", 223.19, -173.23, "T", "SMD", "NET_14", "", "R", 15.748, 31.496, 0, 0, 270],
		[99, "U8_16", 223.19, -141.73, "T", "SMD", "WAKEB", "", "R", 15.748, 31.496, 0, 0, 270],
		[100, "U8_17", 223.19, -110.24, "T", "SMD", "IO12", "", "R", 15.748, 31.496, 0, 0, 270],
		[101, "U8_18", 223.19, -78.74, "T", "SMD", "NET_15", "", "R", 15.748, 31.496, 0, 0, 270],
		[102, "U8_19", 223.19, -47.24, "T", "SMD", "SCL", "", "R", 15.748, 31.496, 0, 0, 270],
		[103, "U8_20", 223.19, -15.75, "T", "SMD", "GND", "GND", "R", 15.748, 31.496, 0, 0, 270],
		[104, "U8_21", 223.19, 15.75, "T", "SMD", "BOOT", "", "R", 15.748, 31.496, 0, 0, 270],
		[105, "U8_22", 223.19, 47.24, "T", "SMD", "SDA", "", "R", 15.748, 31.496, 0, 0, 270],
		[106, "U8_23", 223.19, 78.74, "T", "SMD", "NET_16", "", "R", 15.748, 31.496, 0, 0, 270],
		[107, "U8_24", 223.19, 110.24, "T", "SMD", "NET_17", "", "R", 15.748, 31.496, 0, 0, 270],
		[108, "U8_25", 223.19, 141.73, "T", "SMD", "SDO", "", "R", 15.748, 31.496, 0, 0, 270],
		[109, "U8_26", 223.19, 173.23, "T", "SMD", "CS", "", "R", 15.748, 31.496, 0, 0, 270],
		[110, "U8_27", 223.19, 204.72, "T", "SMD", "GND", "GND", "R", 15.748, 31.496, 0, 0, 270],
		[111, "U8_28", 173.98, 232.28, "T", "SMD", "NET_18", "", "R", 15.748, 31.496, 0, 0, 0],
		[112, "U8_29", 142.48, 232.28, "T", "SMD", "NET_19", "", "R", 15.748, 31.496, 0, 0, 0],
		[113, "U8_30", 110.98, 232.28, "T", "SMD", "NET_20", "", "R", 15.748, 31.496, 0, 0, 0],
		[114, "U8_31", 79.49, 232.28, "T", "SMD", "NET_21", "", "R", 15.748, 31.496, 0, 0, 0],
		[115, "U8_32", 47.99, 232.28, "T", "SMD", "NET_22", "", "R", 15.748, 31.496, 0, 0, 0],
		[116, "U8_33", 16.5, 232.28, "T", "SMD", "LED1", "", "R", 15.748, 31.496, 0, 0, 0],
		[117, "U8_34", -15, 232.28, "T", "SMD", "LED2", "", "R", 15.748, 31.496, 0, 0, 0],
		[118, "U8_35", -46.5, 232.28, "T", "SMD", "RX", "", "R", 15.748, 31.496, 0, 0, 0],
		[119, "U8_36", -77.99, 232.28, "T", "SMD", "TX", "", "R", 15.748, 31.496, 0, 0, 0],
		[120, "U8_37", -109.49, 232.28, "T", "SMD", "NET_23", "", "R", 15.748, 31.496, 0, 0, 0],
		[121, "U8_38", -140.98, 232.28, "T", "SMD", "GND", "GND", "R", 15.748, 31.496, 0, 0, 0],
		[122, "U8_39", -172.48, 232.28, "T", "SMD", "GND", "GND", "R", 15.748, 31.496, 0, 0, 0],
		[123, "U8_40", -203.98, 232.28, "T", "SMD", "GND", "GND", "R", 15.748, 31.496, 0, 0, 0],
		[124, "U8_41", -253.19, 204.72, "T", "SMD", "GND", "GND", "R", 15.748, 31.496, 0, 0, 90],
		[125, "U8_42", -253.19, 173.23, "T", "SMD", "GND", "GND", "R", 15.748, 31.496, 0, 0, 90],
		[126, "U8_43", -253.19, 141.73, "T", "SMD", "GND", "GND", "R", 15.748, 31.496, 0, 0, 90],
		[127, "U8_44", -253.19, 110.24, "T", "SMD", "GND", "GND", "R", 15.748, 31.496, 0, 0, 90],
		[128, "U8_45", -253.19, 78.74, "T", "SMD", "GND", "GND", "R", 15.748, 31.496, 0, 0, 90],
		[129, "U8_46", -253.19, 47.24, "T", "SMD", "GND", "GND", "R", 15.748, 31.496, 0, 0, 90],
		[130, "U8_47", -253.19, 15.75, "T", "SMD", "GND", "GND", "R", 15.748, 31.496, 0, 0, 90],
		[131, "U8_48", -253.19, -15.75, "T", "SMD", "GND", "GND", "R", 15.748, 31.496, 0, 0, 90],
		[132, "U8_49", -253.19, -47.24, "T", "SMD", "GND", "GND", "R", 15.748, 31.496, 0, 0, 90],
		[133, "U8_50", -253.19, -78.74, "T", "SMD", "GND", "GND", "R", 15.748, 31.496, 0, 0, 90],
		[134, "U8_51", -253.19, -110.24, "T", "SMD", "GND", "GND", "R", 15.748, 31.496, 0, 0, 90],
		[135, "U8_52", -253.19, -141.73, "T", "SMD", "GND", "GND", "R", 15.748, 31.496, 0, 0, 90],
		[136, "U8_53", -253.19, -173.23, "T", "SMD", "GND", "GND", "R", 15.748, 31.496, 0, 0, 90],
		[137, "U8_54", -253.19, -204.72, "T", "SMD", "GND", "GND", "R", 15.748, 31.496, 0, 0, 90],
		[138, "U8_55", -15, 0, "T", "SMD", "GND", "GND", "R", 39.37, 39.37, 0, 0, 180],
		[139, "U8_55", -15, 59.06, "T", "SMD", "GND", "GND", "R", 39.37, 39.37, 0, 0, 180],
		[140, "U8_55", -15, -59.05, "T", "SMD", "GND", "GND", "R", 39.37, 39.37, 0, 0, 180],
		[141, "U8_55", -74.05, -59.05, "T", "SMD", "GND", "GND", "R", 39.37, 39.37, 0, 0, 180],
		[142, "U8_55", -74.05, 59.06, "T", "SMD", "GND", "GND", "R", 39.37, 39.37, 0, 0, 180],
		[143, "U8_55", -74.05, 0, "T", "SMD", "GND", "GND", "R", 39.37, 39.37, 0, 0, 180],
		[144, "U8_55", 44.06, -59.05, "T", "SMD", "GND", "GND", "R", 39.37, 39.37, 0, 0, 180],
		[145, "U8_55", 44.06, 59.06, "T", "SMD", "GND", "GND", "R", 39.37, 39.37, 0, 0, 180],
		[146, "U8_55", 44.06, 0, "T", "SMD", "GND", "GND", "R", 39.37, 39.37, 0, 0, 180],
		[147, "U10_NEG", -15, 447.4409, "T", "DIP", "GND", "GND", "C", 70, 70, 51.1811, 51.1811, 270],
		[148, "U10_NEG", -15, 447.4409, "B", "DIP", "GND", "GND", "C", 70, 70, 51.1811, 51.1811, 270],
		[149, "U10_POS", -15, -497.4409, "T", "DIP", "VBATU", "", "R", 70, 70, 51.1811, 51.1811, 270],
		[150, "U10_POS", -15, -497.4409, "B", "DIP", "VBATU", "", "R", 70, 70, 51.1811, 51.1811, 270],
		[151, "U13_1", 653.07, 380.63, "T", "SMD", "D+", "", "O", 11.024, 63.78, 0, 0, 90],
		[152, "U13_2", 653.07, 400.32, "T", "SMD", "D-", "", "O", 11.024, 63.78, 0, 0, 90],
		[153, "U13_3", 653.07, 420, "T", "SMD", "GND", "GND", "O", 11.024, 63.78, 0, 0, 90],
		[154, "U13_4", 653.07, 439.69, "T", "SMD", "NET_24", "", "O", 11.024, 63.78, 0, 0, 90],
		[155, "U13_5", 653.07, 459.37, "T", "SMD", "NET_25", "", "O", 11.024, 63.78, 0, 0, 90],
		[156, "U13_6", 486.93, 459.37, "T", "SMD", "NET_26", "", "O", 11.024, 63.78, 0, 0, 90],
		[157, "U13_7", 486.93, 439.69, "T", "SMD", "VCC3V3", "", "O", 11.024, 63.78, 0, 0, 90],
		[158, "U13_8", 486.93, 420, "T", "SMD", "TX", "", "O", 11.024, 63.78, 0, 0, 90],
		[159, "U13_9", 486.93, 400.32, "T", "SMD", "RX", "", "O", 11.024, 63.78, 0, 0, 90],
		[160, "U13_10", 486.93, 380.63, "T", "SMD", "VCC3V3", "", "O", 11.024, 63.78, 0, 0, 90],
		[161, "U17_1", 391.185, -347.4, "T", "SMD", "PWRIN", "", "R", 43.307, 23.622, 0, 0, 0],
		[162, "U17_2", 391.185, -310, "T", "SMD", "GND", "GND", "R", 43.307, 23.622, 0, 0, 0],
		[163, "U17_3", 391.185, -272.6, "T", "SMD", "PWRIN", "", "R", 43.307, 23.622, 0, 0, 0],
		[164, "U17_4", 288.815, -272.6, "T", "SMD", "NET_27", "", "R", 43.307, 23.622, 0, 0, 0],
		[165, "U17_5", 288.815, -347.4, "T", "SMD", "VCC3V3", "", "R", 43.307, 23.622, 0, 0, 0],
		[166, "U19_1", 385.42, -477.4, "T", "SMD", "CHRG", "", "R", 19.291, 45.551, 0, 0, 90],
		[167, "U19_2", 385.42, -440, "T", "SMD", "GND", "GND", "R", 19.291, 45.551, 0, 0, 90],
		[168, "U19_3", 385.42, -402.6, "T", "SMD", "VBAT", "", "R", 19.291, 45.551, 0, 0, 90],
		[169, "U19_4", 294.58, -402.6, "T", "SMD", "5V", "", "R", 19.291, 46.26, 0, 0, 90],
		[170, "U19_5", 294.58, -477.4, "T", "SMD", "PROG", "", "R", 19.291, 46.26, 0, 0, 90],
		[171, "USB1_1", 399.917, 289.032, "T", "DIP", "GND", "GND", "O", 39.37, 82.677, 23.622, 66.93, 0],
		[172, "USB1_1", 399.917, 289.032, "B", "DIP", "GND", "GND", "O", 39.37, 82.677, 23.622, 66.93, 0],
		[173, "USB1_2", 399.917, 453.602, "T", "DIP", "GND", "GND", "O", 39.37, 70.866, 23.622, 55.118, 0],
		[174, "USB1_2", 399.917, 453.602, "B", "DIP", "GND", "GND", "O", 39.37, 70.866, 23.622, 55.118, 0],
		[175, "USB1_3", 740.077, 453.602, "T", "DIP", "GND", "GND", "O", 39.37, 70.866, 23.622, 55.118, 0],
		[176, "USB1_3", 740.077, 453.602, "B", "DIP", "GND", "GND", "O", 39.37, 70.866, 23.622, 55.118, 0],
		[177, "USB1_4", 740.077, 289.032, "T", "DIP", "GND", "GND", "O", 39.37, 82.677, 23.622, 66.929, 0],
		[178, "USB1_4", 740.077, 289.032, "B", "DIP", "GND", "GND", "O", 39.37, 82.677, 23.622, 66.929, 0],
		[179, "USB1_A1-B12", 444.017, 266.392, "B", "SMD", "GND", "GND", "R", 23.622, 45.276, 0, 0, 0],
		[180, "USB1_A4-B9", 475.507, 266.392, "B", "SMD", "5V", "", "R", 23.622, 45.276, 0, 0, 0],
		[181, "USB1_A5", 520.787, 266.392, "B", "SMD", "$1N13426", "", "R", 11.811, 45.276, 0, 0, 0],
		[182, "USB1_A6", 560.157, 266.392, "B", "SMD", "D+", "", "R", 11.811, 45.276, 0, 0, 0],
		[183, "USB1_A7", 579.837, 266.392, "B", "SMD", "D-", "", "R", 11.811, 45.276, 0, 0, 0],
		[184, "USB1_A8", 619.207, 266.392, "B", "SMD", "NET_28", "", "R", 11.811, 45.276, 0, 0, 0],
		[185, "USB1_B1-A12", 695.987, 266.392, "B", "SMD", "GND", "GND", "R", 23.622, 45.276, 0, 0, 0],
		[186, "USB1_B4-A9", 664.487, 266.392, "B", "SMD", "NET_29", "", "R", 23.622, 45.276, 0, 0, 0],
		[187, "USB1_B5", 638.897, 266.392, "B", "SMD", "$1N13424", "", "R", 11.811, 45.276, 0, 0, 0],
		[188, "USB1_B6", 599.527, 266.392, "B", "SMD", "D+", "", "R", 11.811, 45.276, 0, 0, 0],
		[189, "USB1_B7", 540.467, 266.392, "B", "SMD", "D-", "", "R", 11.811, 45.276, 0, 0, 0],
		[190, "USB1_B8", 501.097, 266.392, "B", "SMD", "NET_30", "", "R", 11.811, 45.276, 0, 0, 0],
		[191, "PAD1_5", 710, -70, "T", "DIP", "GND", "GND", "C", 354.3307, 354.3307, 240.158, 240.158, 90],
		[192, "PAD1_5", 710, -70, "B", "DIP", "GND", "GND", "C", 354.3307, 354.3307, 240.158, 240.158, 90],
		[193, "PAD2_5", 770, 115, "T", "DIP", "GND", "GND", "C", 236.2205, 236.2205, 118.11, 118.11, 0],
		[194, "PAD2_5", 770, 115, "B", "DIP", "GND", "GND", "C", 236.2205, 236.2205, 118.11, 118.11, 0],
		[195, "PAD3_5", 770, -250, "T", "DIP", "GND", "GND", "C", 236.2205, 236.2205, 118.11, 118.11, 90],
		[196, "PAD3_5", 770, -250, "B", "DIP", "GND", "GND", "C", 236.2205, 236.2205, 118.11, 118.11, 90],
		[197, "PAD4_1", 237.5, 300, "T", "SMD", "BOOT", "", "C", 39.3701, 39.3701, 0, 0, 180],
		[198, "PAD5_1", 162.5, 300, "T", "SMD", "GND", "GND", "C", 39.3701, 39.3701, 0, 0, 180],
		[199, "PAD6_1", 160, 365, "T", "SMD", "GND", "GND", "C", 39.3701, 39.3701, 0, 0, 180],
		[200, "PAD7_1", 240, 365, "T", "SMD", "EN", "", "C", 39.3701, 39.3701, 0, 0, 180],
		[201, "PAD8_1", 300, 435, "T", "SMD", "TX", "", "C", 59.0551, 59.0551, 0, 0, 180],
		[202, "PAD9_1", 205, 435, "T", "SMD", "RX", "", "C", 59.0551, 59.0551, 0, 0, 180],
		[203, "PAD10_1", 306.26, -55.49, "T", "SMD", "VCC3V3", "", "O", 17.638, 69.646, 0, 0, 0],
		[204, "PAD11_2", 337.76, -55.49, "T", "SMD", "GND", "GND", "O", 17.638, 69.646, 0, 0, 0],
		[205, "PAD12_4", 400.75, -55.49, "T", "SMD", "GND", "GND", "O", 17.638, 69.646, 0, 0, 0],
		[206, "PAD13_5", 432.24, -55.49, "T", "SMD", "GND", "GND", "O", 17.638, 69.646, 0, 0, 0],
		[207, "PAD14_6", 463.74, -55.49, "T", "SMD", "VCC3V3", "", "O", 17.638, 69.646, 0, 0, 0],
		[208, "PAD15_7", 475.45, 0, "T", "SMD", "CS", "", "R", 60.827, 23.622, 0, 0, 0],
		[209, "PAD16_12", 337.76, 55.49, "T", "SMD", "SDO", "", "O", 17.638, 69.646, 0, 0, 0],
		[210, "PAD17_13", 306.26, 55.49, "T", "SMD", "SDA", "", "O", 17.638, 69.646, 0, 0, 0],
		[211, "PAD18_14", 294.55, 0, "T", "SMD", "SCL", "", "R", 60.827, 23.622, 0, 0, 0],
		[212, "PAD19_2", 310, -152.44, "T", "SMD", "VCC3V3", "", "R", 31.496, 35.433, 0, 0, 90],
		[213, "PAD20_1", 310, -207.56, "T", "SMD", "GND", "GND", "R", 31.496, 35.433, 0, 0, 90],
		[214, "PAD21_2", 390, -152.44, "T", "SMD", "VCC3V3", "", "R", 31.496, 35.433, 0, 0, 90],
		[215, "PAD22_1", 390, -207.56, "T", "SMD", "GND", "GND", "R", 31.496, 35.433, 0, 0, 90],
		[216, "PAD23_3", 598.22, -497.645, "T", "SMD", "VCC3V3", "", "R", 47.244, 25.591, 0, 0, 0],
		[217, "PAD24_4", 761.54, -497.305, "T", "SMD", "VCC3V3", "", "R", 47.244, 25.591, 0, 0, 0],
		[218, "PAD25_1", 598.2, -412.355, "T", "SMD", "WAKE", "", "R", 47.244, 25.591, 0, 0, 0],
		[219, "PAD26_2", 761.8, -412.655, "T", "SMD", "WAKE", "", "R", 47.244, 25.591, 0, 0, 0],
		[220, "PAD27_2", 91.475, 370.005, "T", "SMD", "$1N11307", "", "R", 31.496, 31.496, 0, 0, 90],
		[221, "PAD28_1", 28.525, 369.995, "T", "SMD", "GND", "GND", "R", 31.496, 31.496, 0, 0, 90],
		[222, "PAD29_2", -91.475, 369.995, "T", "SMD", "$1N11309", "", "R", 31.496, 31.496, 0, 0, 270],
		[223, "PAD30_1", -28.525, 370.005, "T", "SMD", "GND", "GND", "R", 31.496, 31.496, 0, 0, 270],
		[224, "PAD31_2", -145.34, -370, "T", "SMD", "GND", "GND", "R", 31.751, 34.016, 0, 0, 0],
		[225, "PAD32_1", -204.66, -370, "T", "SMD", "ADC", "", "R", 31.751, 34.016, 0, 0, 0],
		[226, "PAD33_2", -204.66, -435, "T", "SMD", "ADC", "", "R", 31.751, 34.016, 0, 0, 180],
		[227, "PAD34_1", -145.34, -435, "T", "SMD", "VBAT", "", "R", 31.751, 34.016, 0, 0, 180],
		[228, "PAD35_1", -203.98, -232.28, "T", "SMD", "GND", "GND", "R", 15.748, 31.496, 0, 0, 180],
		[229, "PAD36_2", -172.48, -232.28, "T", "SMD", "GND", "GND", "R", 15.748, 31.496, 0, 0, 180],
		[230, "PAD37_3", -140.98, -232.28, "T", "SMD", "VCC3V3", "", "R", 15.748, 31.496, 0, 0, 180],
		[231, "PAD38_4", -109.49, -232.28, "T", "SMD", "ADC", "", "R", 15.748, 31.496, 0, 0, 180],
		[232, "PAD39_5", -77.99, -232.28, "T", "SMD", "WAKE", "", "R", 15.748, 31.496, 0, 0, 180],
		[233, "PAD40_8", 16.5, -232.28, "T", "SMD", "EN", "", "R", 15.748, 31.496, 0, 0, 180],
		[234, "PAD41_16", 223.19, -141.73, "T", "SMD", "WAKEB", "", "R", 15.748, 31.496, 0, 0, 270],
		[235, "PAD42_17", 223.19, -110.24, "T", "SMD", "IO12", "", "R", 15.748, 31.496, 0, 0, 270],
		[236, "PAD43_19", 223.19, -47.24, "T", "SMD", "SCL", "", "R", 15.748, 31.496, 0, 0, 270],
		[237, "PAD44_20", 223.19, -15.75, "T", "SMD", "GND", "GND", "R", 15.748, 31.496, 0, 0, 270],
		[238, "PAD45_21", 223.19, 15.75, "T", "SMD", "BOOT", "", "R", 15.748, 31.496, 0, 0, 270],
		[239, "PAD46_22", 223.19, 47.24, "T", "SMD", "SDA", "", "R", 15.748, 31.496, 0, 0, 270],
		[240, "PAD47_25", 223.19, 141.73, "T", "SMD", "SDO", "", "R", 15.748, 31.496, 0, 0, 270],
		[241, "PAD48_26", 223.19, 173.23, "T", "SMD", "CS", "", "R", 15.748, 31.496, 0, 0, 270],
		[242, "PAD49_27", 223.19, 204.72, "T", "SMD", "GND", "GND", "R", 15.748, 31.496, 0, 0, 270],
		[243, "PAD50_33", 16.5, 232.28, "T", "SMD", "LED1", "", "R", 15.748, 31.496, 0, 0, 0],
		[244, "PAD51_34", -15, 232.28, "T", "SMD", "LED2", "", "R", 15.748, 31.496, 0, 0, 0],
		[245, "PAD52_35", -46.5, 232.28, "T", "SMD", "RX", "", "R", 15.748, 31.496, 0, 0, 0],
		[246, "PAD53_36", -77.99, 232.28, "T", "SMD", "TX", "", "R", 15.748, 31.496, 0, 0, 0],
		[247, "PAD54_38", -140.98, 232.28, "T", "SMD", "GND", "GND", "R", 15.748, 31.496, 0, 0, 0],
		[248, "PAD55_39", -172.48, 232.28, "T", "SMD", "GND", "GND", "R", 15.748, 31.496, 0, 0, 0],
		[249, "PAD56_40", -203.98, 232.28, "T", "SMD", "GND", "GND", "R", 15.748, 31.496, 0, 0, 0],
		[250, "PAD57_41", -253.19, 204.72, "T", "SMD", "GND", "GND", "R", 15.748, 31.496, 0, 0, 90],
		[251, "PAD58_42", -253.19, 173.23, "T", "SMD", "GND", "GND", "R", 15.748, 31.496, 0, 0, 90],
		[252, "PAD59_43", -253.19, 141.73, "T", "SMD", "GND", "GND", "R", 15.748, 31.496, 0, 0, 90],
		[253, "PAD60_44", -253.19, 110.24, "T", "SMD", "GND", "GND", "R", 15.748, 31.496, 0, 0, 90],
		[254, "PAD61_45", -253.19, 78.74, "T", "SMD", "GND", "GND", "R", 15.748, 31.496, 0, 0, 90],
		[255, "PAD62_46", -253.19, 47.24, "T", "SMD", "GND", "GND", "R", 15.748, 31.496, 0, 0, 90],
		[256, "PAD63_47", -253.19, 15.75, "T", "SMD", "GND", "GND", "R", 15.748, 31.496, 0, 0, 90],
		[257, "PAD64_48", -253.19, -15.75, "T", "SMD", "GND", "GND", "R", 15.748, 31.496, 0, 0, 90],
		[258, "PAD65_49", -253.19, -47.24, "T", "SMD", "GND", "GND", "R", 15.748, 31.496, 0, 0, 90],
		[259, "PAD66_50", -253.19, -78.74, "T", "SMD", "GND", "GND", "R", 15.748, 31.496, 0, 0, 90],
		[260, "PAD67_51", -253.19, -110.24, "T", "SMD", "GND", "GND", "R", 15.748, 31.496, 0, 0, 90],
		[261, "PAD68_52", -253.19, -141.73, "T", "SMD", "GND", "GND", "R", 15.748, 31.496, 0, 0, 90],
		[262, "PAD69_53", -253.19, -173.23, "T", "SMD", "GND", "GND", "R", 15.748, 31.496, 0, 0, 90],
		[263, "PAD70_54", -253.19, -204.72, "T", "SMD", "GND", "GND", "R", 15.748, 31.496, 0, 0, 90],
		[264, "PAD71_55", -15, 0, "T", "SMD", "GND", "GND", "R", 39.37, 39.37, 0, 0, 180],
		[265, "PAD72_55", -15, 59.06, "T", "SMD", "GND", "GND", "R", 39.37, 39.37, 0, 0, 180],
		[266, "PAD73_55", -15, -59.05, "T", "SMD", "GND", "GND", "R", 39.37, 39.37, 0, 0, 180],
		[267, "PAD74_55", -74.05, -59.05, "T", "SMD", "GND", "GND", "R", 39.37, 39.37, 0, 0, 180],
		[268, "PAD75_55", -74.05, 59.06, "T", "SMD", "GND", "GND", "R", 39.37, 39.37, 0, 0, 180],
		[269, "PAD76_55", -74.05, 0, "T", "SMD", "GND", "GND", "R", 39.37, 39.37, 0, 0, 180],
		[270, "PAD77_55", 44.06, -59.05, "T", "SMD", "GND", "GND", "R", 39.37, 39.37, 0, 0, 180],
		[271, "PAD78_55", 44.06, 59.06, "T", "SMD", "GND", "GND", "R", 39.37, 39.37, 0, 0, 180],
		[272, "PAD79_55", 44.06, 0, "T", "SMD", "GND", "GND", "R", 39.37, 39.37, 0, 0, 180],
		[273, "PAD80_2", -22.44, -305, "T", "SMD", "GND", "GND", "R", 31.496, 35.433, 0, 0, 0],
		[274, "PAD81_1", -77.56, -305, "T", "SMD", "VCC3V3", "", "R", 31.496, 35.433, 0, 0, 0],
		[275, "PAD82_2", 330, 337.56, "T", "SMD", "EN", "", "R", 31.496, 35.433, 0, 0, 90],
		[276, "PAD83_1", 330, 282.44, "T", "SMD", "GND", "GND", "R", 31.496, 35.433, 0, 0, 90],
		[277, "PAD84_2", -30.34, 305, "T", "SMD", "LED2", "", "R", 31.751, 34.016, 0, 0, 0],
		[278, "PAD85_1", -89.66, 305, "T", "SMD", "$1N11309", "", "R", 31.751, 34.016, 0, 0, 0],
		[279, "PAD86_2", 30.34, 305, "T", "SMD", "LED1", "", "R", 31.751, 34.016, 0, 0, 180],
		[280, "PAD87_1", 89.66, 305, "T", "SMD", "$1N11307", "", "R", 31.751, 34.016, 0, 0, 180],
		[281, "PAD88_NEG", -15, 447.4409, "T", "DIP", "GND", "GND", "C", 70, 70, 51.1811, 51.1811, 270],
		[282, "PAD88_NEG", -15, 447.4409, "B", "DIP", "GND", "GND", "C", 70, 70, 51.1811, 51.1811, 270],
		[283, "PAD89_POS", -15, -497.4409, "T", "DIP", "VBATU", "", "R", 70, 70, 51.1811, 51.1811, 270],
		[284, "PAD89_POS", -15, -497.4409, "B", "DIP", "VBATU", "", "R", 70, 70, 51.1811, 51.1811, 270],
		[285, "PAD90_2", 505, 267.44, "T", "SMD", "GND", "GND", "R", 31.496, 35.433, 0, 0, 270],
		[286, "PAD91_1", 505, 322.56, "T", "SMD", "VCC3V3", "", "R", 31.496, 35.433, 0, 0, 270],
		[287, "PAD92_2", 634.66, 265, "T", "SMD", "$1N13426", "", "R", 31.751, 34.016, 0, 0, 0],
		[288, "PAD93_1", 575.34, 265, "T", "SMD", "GND", "GND", "R", 31.751, 34.016, 0, 0, 0],
		[289, "PAD94_2", 575.34, 325, "T", "SMD", "GND", "GND", "R", 31.751, 34.016, 0, 0, 180],
		[290, "PAD95_1", 634.66, 325, "T", "SMD", "$1N13424", "", "R", 31.751, 34.016, 0, 0, 180],
		[291, "PAD96_1", 653.07, 380.63, "T", "SMD", "D+", "", "O", 11.024, 63.78, 0, 0, 90],
		[292, "PAD97_2", 653.07, 400.32, "T", "SMD", "D-", "", "O", 11.024, 63.78, 0, 0, 90],
		[293, "PAD98_3", 653.07, 420, "T", "SMD", "GND", "GND", "O", 11.024, 63.78, 0, 0, 90],
		[294, "PAD99_10", 486.93, 380.63, "T", "SMD", "VCC3V3", "", "O", 11.024, 63.78, 0, 0, 90],
		[295, "PAD100_9", 486.93, 400.32, "T", "SMD", "RX", "", "O", 11.024, 63.78, 0, 0, 90],
		[296, "PAD101_8", 486.93, 420, "T", "SMD", "TX", "", "O", 11.024, 63.78, 0, 0, 90],
		[297, "PAD102_7", 486.93, 439.69, "T", "SMD", "VCC3V3", "", "O", 11.024, 63.78, 0, 0, 90],
		[298, "PAD103_2", -224.66, 300, "T", "SMD", "IO12", "", "R", 31.751, 34.016, 0, 0, 180],
		[299, "PAD104_1", -165.34, 300, "T", "SMD", "GND", "GND", "R", 31.751, 34.016, 0, 0, 180],
		[300, "PAD105_2", -79.66, -370, "T", "SMD", "VCC3V3", "", "R", 31.751, 34.016, 0, 0, 180],
		[301, "PAD106_1", -20.34, -370, "T", "SMD", "EN", "", "R", 31.751, 34.016, 0, 0, 180],
		[302, "PAD107_2", 605, -349.66, "T", "SMD", "WAKE", "", "R", 31.751, 34.016, 0, 0, 270],
		[303, "PAD108_1", 605, -290.34, "T", "SMD", "GND", "GND", "R", 31.751, 34.016, 0, 0, 270],
		[304, "PAD109_2", 300.34, 150, "T", "SMD", "CS", "", "R", 31.751, 34.016, 0, 0, 180],
		[305, "PAD110_1", 359.66, 150, "T", "SMD", "VCC3V3", "", "R", 31.751, 34.016, 0, 0, 180],
		[306, "PAD111_2", 300.34, 215, "T", "SMD", "BOOT", "", "R", 31.751, 34.016, 0, 0, 180],
		[307, "PAD112_1", 359.66, 215, "T", "SMD", "VCC3V3", "", "R", 31.751, 34.016, 0, 0, 180],
		[308, "PAD113_2", -202.56, -305, "T", "SMD", "GND", "GND", "R", 31.496, 35.433, 0, 0, 180],
		[309, "PAD114_1", -147.44, -305, "T", "SMD", "VCC3V3", "", "R", 31.496, 35.433, 0, 0, 180],
		[310, "PAD115_2", 550, 202.56, "T", "SMD", "5V", "", "R", 31.496, 35.433, 0, 0, 90],
		[311, "PAD116_1", 550, 147.44, "T", "SMD", "GND", "GND", "R", 31.496, 35.433, 0, 0, 90],
		[312, "PAD117_2", 465, -419.66, "T", "SMD", "CHRG", "", "R", 31.751, 34.016, 0, 0, 270],
		[313, "PAD118_1", 465, -360.34, "T", "SMD", "$1N24874", "", "R", 31.751, 34.016, 0, 0, 270],
		[314, "PAD119_2", 470.34, -485, "T", "SMD", "PROG", "", "R", 31.751, 34.016, 0, 0, 180],
		[315, "PAD120_1", 529.66, -485, "T", "SMD", "GND", "GND", "R", 31.751, 34.016, 0, 0, 180],
		[316, "PAD121_2", 535.005, -421.475, "T", "SMD", "5V", "", "R", 31.496, 31.496, 0, 0, 0],
		[317, "PAD122_1", 534.995, -358.525, "T", "SMD", "$1N24874", "", "R", 31.496, 31.496, 0, 0, 0],
		[318, "PAD123_2", 225, -437.44, "T", "SMD", "VBAT", "", "R", 31.496, 35.433, 0, 0, 90],
		[319, "PAD124_1", 225, -492.56, "T", "SMD", "GND", "GND", "R", 31.496, 35.433, 0, 0, 90],
		[320, "PAD125_2", 225, -362.56, "T", "SMD", "5V", "", "R", 31.496, 35.433, 0, 0, 270],
		[321, "PAD126_1", 225, -307.44, "T", "SMD", "GND", "GND", "R", 31.496, 35.433, 0, 0, 270],
		[322, "PAD127_5", 288.815, -347.4, "T", "SMD", "VCC3V3", "", "R", 43.307, 23.622, 0, 0, 0],
		[323, "PAD128_3", 391.185, -272.6, "T", "SMD", "PWRIN", "", "R", 43.307, 23.622, 0, 0, 0],
		[324, "PAD129_2", 391.185, -310, "T", "SMD", "GND", "GND", "R", 43.307, 23.622, 0, 0, 0],
		[325, "PAD130_1", 391.185, -347.4, "T", "SMD", "PWRIN", "", "R", 43.307, 23.622, 0, 0, 0],
		[326, "PAD131_2", 68.835, -505, "T", "SMD", "5V", "", "R", 39.37, 29.528, 0, 0, 180],
		[327, "PAD132_1", 161.165, -505, "T", "SMD", "PWRIN", "", "R", 39.37, 29.528, 0, 0, 180],
		[328, "PAD133_2", 55.34, -440, "T", "SMD", "GND", "GND", "R", 31.751, 34.016, 0, 0, 180],
		[329, "PAD134_1", 114.66, -440, "T", "SMD", "5V", "", "R", 31.751, 34.016, 0, 0, 180],
		[330, "PAD135_2", 420, 145.34, "T", "SMD", "GND", "GND", "R", 31.751, 34.016, 0, 0, 270],
		[331, "PAD136_1", 420, 204.66, "T", "SMD", "WAKEB", "", "R", 31.751, 34.016, 0, 0, 270],
		[332, "PAD137_2", 485, 204.66, "T", "SMD", "WAKEB", "", "R", 31.751, 34.016, 0, 0, 90],
		[333, "PAD138_1", 485, 145.34, "T", "SMD", "5V", "", "R", 31.751, 34.016, 0, 0, 90],
		[334, "PAD139_1", 47.6, -374.37, "T", "SMD", "5V", "", "R", 49.213, 27.559, 0, 0, 270],
		[335, "PAD140_2", 122.4, -374.37, "T", "SMD", "PWRIN", "", "R", 49.213, 27.559, 0, 0, 270],
		[336, "PAD141_3", 85, -295.63, "T", "SMD", "VBAT", "", "R", 49.213, 27.559, 0, 0, 270],
		[337, "PAD142_B1-A12", 695.987, 266.392, "B", "SMD", "GND", "GND", "R", 23.622, 45.276, 0, 0, 0],
		[338, "PAD143_A1-B12", 444.017, 266.392, "B", "SMD", "GND", "GND", "R", 23.622, 45.276, 0, 0, 0],
		[339, "PAD144_A4-B9", 475.507, 266.392, "B", "SMD", "5V", "", "R", 23.622, 45.276, 0, 0, 0],
		[340, "PAD145_B5", 638.897, 266.392, "B", "SMD", "$1N13424", "", "R", 11.811, 45.276, 0, 0, 0],
		[341, "PAD146_B6", 599.527, 266.392, "B", "SMD", "D+", "", "R", 11.811, 45.276, 0, 0, 0],
		[342, "PAD147_A7", 579.837, 266.392, "B", "SMD", "D-", "", "R", 11.811, 45.276, 0, 0, 0],
		[343, "PAD148_A6", 560.157, 266.392, "B", "SMD", "D+", "", "R", 11.811, 45.276, 0, 0, 0],
		[344, "PAD149_B7", 540.467, 266.392, "B", "SMD", "D-", "", "R", 11.811, 45.276, 0, 0, 0],
		[345, "PAD150_A5", 520.787, 266.392, "B", "SMD", "$1N13426", "", "R", 11.811, 45.276, 0, 0, 0],
		[346, "PAD151_3", 740.077, 453.602, "T", "DIP", "GND", "GND", "O", 39.37, 70.866, 23.622, 55.118, 0],
		[347, "PAD151_3", 740.077, 453.602, "B", "DIP", "GND", "GND", "O", 39.37, 70.866, 23.622, 55.118, 0],
		[348, "PAD152_2", 399.917, 453.602, "T", "DIP", "GND", "GND", "O", 39.37, 70.866, 23.622, 55.118, 0],
		[349, "PAD152_2", 399.917, 453.602, "B", "DIP", "GND", "GND", "O", 39.37, 70.866, 23.622, 55.118, 0],
		[350, "PAD153_4", 740.077, 289.032, "T", "DIP", "GND", "GND", "O", 39.37, 82.677, 23.622, 66.929, 0],
		[351, "PAD153_4", 740.077, 289.032, "B", "DIP", "GND", "GND", "O", 39.37, 82.677, 23.622, 66.929, 0],
		[352, "PAD154_1", 399.917, 289.032, "T", "DIP", "GND", "GND", "O", 39.37, 82.677, 23.622, 66.93, 0],
		[353, "PAD154_1", 399.917, 289.032, "B", "DIP", "GND", "GND", "O", 39.37, 82.677, 23.622, 66.93, 0],
		[354, "PAD155_1", 385.42, -477.4, "T", "SMD", "CHRG", "", "R", 19.291, 45.551, 0, 0, 90],
		[355, "PAD156_2", 385.42, -440, "T", "SMD", "GND", "GND", "R", 19.291, 45.551, 0, 0, 90],
		[356, "PAD157_3", 385.42, -402.6, "T", "SMD", "VBAT", "", "R", 19.291, 45.551, 0, 0, 90],
		[357, "PAD158_4", 294.58, -402.6, "T", "SMD", "5V", "", "R", 19.291, 46.26, 0, 0, 90],
		[358, "PAD159_5", 294.58, -477.4, "T", "SMD", "PROG", "", "R", 19.291, 46.26, 0, 0, 90],
		[359, "PAD160_1", 465, -252.24, "T", "SMD", "GND", "GND", "R", 59.055, 53.5, 0, 0, 90],
		[360, "PAD161_2", 465, -157.76, "T", "SMD", "VCC3V3", "", "R", 59.055, 53.5, 0, 0, 90],
		[361, "PAD162_2", -85, -499.66, "T", "SMD", "VBATU", "", "R", 31.751, 34.016, 0, 0, 270],
		[362, "PAD163_1", -85, -440.34, "T", "SMD", "VBAT", "", "R", 31.751, 34.016, 0, 0, 270]
	]
}
}